<?xml version="1.0" encoding="UTF-8"?>
<!DOCTYPE generatorConfiguration PUBLIC "-//mybatis.org//DTD MyBatis Generator Configuration 1.0//EN" "http://mybatis.org/dtd/mybatis-generator-config_1_0.dtd">
<generatorConfiguration>
	<!-- 
		mybatis foreach 查询，属性colleciont 中如果传入进来的是一个参数，数据类型为list则colleciont定义为list，数组类型用array
		separator:每次执行都会拼接，但是最后一次会省略
		item：当前循环的对象
	 -->
	
	<!--生成mybatis接口和实体mavne命令： mybatis-generator:generate -->
	
	<!-- ModuleExample example = new ModuleExample();
    	Criteria c = example.createCriteria();
    	c.andNameLike("%"+name+"%");
    	c.andParentidEqualTo(parentId); -->
	<classPathEntry
		location="D:\Y2\mvn-repo\mysql\mysql-connector-java\5.1.40\mysql-connector-java-5.1.40.jar" />
	<context id="context1">
		<!-- 注释 -->
		<commentGenerator>
			<property name="suppressAllComments" value="true" /><!-- 是否取消注释 -->
			<property name="suppressDate" value="true" /> <!-- 是否生成注释代时间戳 -->
		</commentGenerator>
		<jdbcConnection connectionURL="jdbc:mysql://localhost:3306/myschool?useUnicode=true&amp;characterEncoding=utf-8&amp;allowMutilQueries=true"
			driverClass="com.mysql.jdbc.Driver" password="123" userId="root" />
		<!-- 实体生成位置 -->
		<javaModelGenerator targetPackage="com.accp.domain"
			targetProject="src/main/java" />
		<!-- mapper配置文件生成 -->
		<sqlMapGenerator targetPackage="mapper"
			targetProject="src/main/resources" />
		<!-- mapper接口生成 -->
		<javaClientGenerator targetPackage="com.accp.mapper"
			targetProject="src/main/java" type="XMLMAPPER" />
			<table schema="Student" tableName="student"></table>
			<table schema="Grade" tableName="grade"></table>
<!-- 		<table schema="Student" tableName="student"></table> -->
<!-- 		<table schema="Sys_permissions" tableName="sys_permissions"></table> -->
<!-- 		<table schema="Sys_roles" tableName="sys_roles"></table> -->
<!-- 		<table schema="Sys_roles_permissions" tableName="sys_roles_permissions"></table> -->
<!-- 		<table schema="Sys_users" tableName="sys_users"></table> -->
<!-- 		<table schema="Sys_users_roles" tableName="sys_users_roles"></table> -->
		<!--<table schema="Module" tableName="module">
		</table>
		<table schema="Role" tableName="role">

		</table>
		<table schema="User" tableName="user">

		</table>
		<table schema="RoleModule" tableName="rolemodule">

		</table>
		<table schema="RoleUser" tableName="roleuser">

		</table>-->
	</context>
</generatorConfiguration>




<!-- <build>
		<plugins>
			<plugin>
				Mybatis-generator插件,用于自动生成Mapper和POJO
				<groupId>org.mybatis.generator</groupId>
				<artifactId>mybatis-generator-maven-plugin</artifactId>
				<version>1.3.2</version>
				<configuration>
					配置文件的位置
					<configurationFile>src/main/resources/mybatis-generator-config.xml</configurationFile>
					<verbose>true</verbose>
					<overwrite>true</overwrite>
				</configuration>
				<executions>
					<execution>
						<id>Generate MyBatis Artifacts</id>
						<phase>generate</phase>
						<goals>
							<goal>generate</goal>
						</goals>
					</execution>
				</executions>
				<dependencies>
					<dependency>
						<groupId>org.mybatis.generator</groupId>
						<artifactId>mybatis-generator-core</artifactId>
						<version>1.3.2</version>
					</dependency>
					<dependency>
                        <groupId>com.itfsw</groupId>
                        <artifactId>mybatis-generator-plugin</artifactId>
                        <version>1.3.0</version>
                    </dependency>
				</dependencies>
			</plugin>
		</plugins>
	</build> -->
	
	
	<!-- 集联查询 -->
	
	<!-- <resultMap id="BaseResultMap" type="com.accp.domain.Module" >
	    <id column="id" property="id" jdbcType="INTEGER" />
	    <result column="name" property="name" jdbcType="VARCHAR" />
	    <result column="parentid" property="parentid" jdbcType="INTEGER" />
	  </resultMap>
	  
	  <resultMap type="com.accp.domain.Module" id="BaseResultMapExtends"
	  	 extends="BaseResultMap">
	  	<collection property="list" column="id" select="query"></collection>
	  </resultMap>
	  
	  
	  <select id="query" resultMap="BaseResultMapExtends">
	  	select * from module where parentid=#{id}
	  </select> -->